Time,Target IP,Status
Time,Target IP,Status
Thu Oct 30 00:07:28 2025,142.251.220.14,200
Thu Oct 30 00:07:30 2025,142.251.220.14,200
Thu Oct 30 00:07:33 2025,142.251.220.14,200
Thu Oct 30 00:07:36 2025,142.251.220.14,200
Thu Oct 30 00:07:39 2025,142.251.220.14,200
Thu Oct 30 00:07:42 2025,142.251.220.14,200
Thu Oct 30 00:07:45 2025,142.251.220.14,200
Time,Target IP,Status
Thu Oct 30 00:15:00 2025,3.253.168.43,200
Thu Oct 30 00:15:06 2025,3.253.168.43,200
Thu Oct 30 00:15:13 2025,3.253.168.43,200
Thu Oct 30 00:15:16 2025,3.253.168.43,200
Thu Oct 30 00:15:23 2025,3.253.168.43,200
Thu Oct 30 00:15:26 2025,3.253.168.43,200
Time,Target IP,Status
Thu Oct 30 00:16:36 2025,142.251.220.14,200
Thu Oct 30 00:16:38 2025,142.251.220.14,200
Thu Oct 30 00:16:45 2025,142.251.220.14,200
Thu Oct 30 00:16:48 2025,142.251.220.14,200
Thu Oct 30 00:16:51 2025,142.251.220.14,200
Thu Oct 30 00:16:57 2025,142.251.220.14,200
Thu Oct 30 00:17:00 2025,142.251.220.14,200
Thu Oct 30 00:17:03 2025,142.251.220.14,200
Thu Oct 30 00:17:06 2025,142.251.220.14,200
Thu Oct 30 00:17:09 2025,142.251.220.14,200
Thu Oct 30 00:17:12 2025,142.251.220.14,200
Thu Oct 30 00:17:15 2025,142.251.220.14,200
Thu Oct 30 00:17:17 2025,142.251.220.14,200
Thu Oct 30 00:17:22 2025,142.251.220.14,200
Thu Oct 30 00:17:25 2025,142.251.220.14,200
Thu Oct 30 00:17:28 2025,142.251.220.14,200
Thu Oct 30 00:17:31 2025,142.251.220.14,200
Thu Oct 30 00:17:33 2025,142.251.220.14,200
Thu Oct 30 00:17:43 2025,142.251.220.14,200
Thu Oct 30 00:17:46 2025,142.251.220.14,200
Thu Oct 30 00:17:49 2025,142.251.220.14,200
Thu Oct 30 00:17:52 2025,142.251.220.14,200
Thu Oct 30 00:17:55 2025,142.251.220.14,200
Thu Oct 30 00:17:58 2025,142.251.220.14,200
Thu Oct 30 00:18:08 2025,142.251.220.14,200
Thu Oct 30 00:18:11 2025,142.251.220.14,200
Thu Oct 30 00:18:14 2025,142.251.220.14,200
Thu Oct 30 00:18:17 2025,142.251.220.14,200
Thu Oct 30 00:18:20 2025,142.251.220.14,200
Thu Oct 30 00:18:23 2025,142.251.220.14,200
Thu Oct 30 00:18:29 2025,142.251.220.14,200
Thu Oct 30 00:18:36 2025,142.251.220.14,200
Thu Oct 30 00:18:53 2025,142.251.220.14,200
Thu Oct 30 00:18:56 2025,142.251.220.14,200
Thu Oct 30 00:18:58 2025,142.251.220.14,200
Thu Oct 30 00:19:01 2025,142.251.220.14,200
Thu Oct 30 00:19:04 2025,142.251.220.14,200
Thu Oct 30 00:19:07 2025,142.251.220.14,200
Thu Oct 30 00:19:10 2025,142.251.220.14,200
Thu Oct 30 00:19:13 2025,142.251.220.14,200
Thu Oct 30 00:19:20 2025,142.251.220.14,200
Thu Oct 30 00:19:23 2025,142.251.220.14,200
Thu Oct 30 00:19:26 2025,142.251.220.14,200
Thu Oct 30 00:19:28 2025,142.251.220.14,200
Thu Oct 30 00:19:31 2025,142.251.220.14,200
Thu Oct 30 00:19:34 2025,142.251.220.14,200
Thu Oct 30 00:19:37 2025,142.251.220.14,200
Thu Oct 30 00:19:40 2025,142.251.220.14,200
Thu Oct 30 00:19:43 2025,142.251.220.14,200
Thu Oct 30 00:19:50 2025,142.251.220.14,200
Thu Oct 30 00:19:53 2025,142.251.220.14,200
Thu Oct 30 00:19:55 2025,142.251.220.14,200
Thu Oct 30 00:19:59 2025,142.251.220.14,200
Thu Oct 30 00:20:01 2025,142.251.220.14,200
Thu Oct 30 00:20:04 2025,142.251.220.14,200
Thu Oct 30 00:20:09 2025,142.251.220.14,200
Thu Oct 30 00:20:12 2025,142.251.220.14,200
Thu Oct 30 00:20:15 2025,142.251.220.14,200
Thu Oct 30 00:20:18 2025,142.251.220.14,200
Thu Oct 30 00:20:28 2025,142.251.220.14,200
Thu Oct 30 00:20:34 2025,142.251.220.14,200
Thu Oct 30 00:20:37 2025,142.251.220.14,200
Thu Oct 30 00:20:40 2025,142.251.220.14,200
Thu Oct 30 00:20:54 2025,142.251.220.14,200
Thu Oct 30 00:20:57 2025,142.251.220.14,200
Thu Oct 30 00:20:59 2025,142.251.220.14,200
Thu Oct 30 00:21:02 2025,142.251.220.14,200
Thu Oct 30 00:21:05 2025,142.251.220.14,200
Thu Oct 30 00:21:08 2025,142.251.220.14,200
Thu Oct 30 00:21:11 2025,142.251.220.14,200
Thu Oct 30 00:21:16 2025,142.251.220.14,200
Thu Oct 30 00:21:19 2025,142.251.220.14,200
Thu Oct 30 00:21:22 2025,142.251.220.14,200
Thu Oct 30 00:21:29 2025,142.251.220.14,200
Thu Oct 30 00:21:34 2025,142.251.220.14,200
Thu Oct 30 00:21:37 2025,142.251.220.14,200
Thu Oct 30 00:21:40 2025,142.251.220.14,200
Thu Oct 30 00:21:43 2025,142.251.220.14,200
Thu Oct 30 00:21:49 2025,142.251.220.14,200
Thu Oct 30 00:21:52 2025,142.251.220.14,200
Thu Oct 30 00:21:58 2025,142.251.220.14,200
Thu Oct 30 00:22:01 2025,142.251.220.14,200
Thu Oct 30 00:22:08 2025,142.251.220.14,200
Thu Oct 30 00:22:11 2025,142.251.220.14,200
Thu Oct 30 00:22:13 2025,142.251.220.14,200
Thu Oct 30 00:22:16 2025,142.251.220.14,200
Thu Oct 30 00:22:19 2025,142.251.220.14,200
Time,Target IP,Status
Fri Oct 31 11:55:49 2025,3.253.170.100,200
Fri Oct 31 11:55:52 2025,3.253.170.100,503
Fri Oct 31 11:55:55 2025,3.253.170.100,200
Fri Oct 31 11:55:57 2025,3.253.168.43,503
Fri Oct 31 11:56:00 2025,3.253.176.101,200
Fri Oct 31 11:56:03 2025,3.253.170.100,200
Fri Oct 31 11:56:05 2025,3.253.176.101,503
Fri Oct 31 11:56:08 2025,3.253.170.100,200
Fri Oct 31 11:56:11 2025,3.253.168.43,503
Fri Oct 31 11:56:14 2025,3.253.176.101,200
Fri Oct 31 11:56:16 2025,3.253.176.101,200
Time,Target IP,Status
Fri Oct 31 12:02:54 2025,3.253.176.101,503
Fri Oct 31 12:02:58 2025,3.253.176.101,200
Fri Oct 31 12:03:02 2025,3.253.176.101,200
Fri Oct 31 12:03:06 2025,3.253.176.101,200
Fri Oct 31 12:03:09 2025,3.253.168.43,503
Fri Oct 31 12:03:13 2025,3.253.170.100,200
Fri Oct 31 12:03:16 2025,3.253.176.101,503
Fri Oct 31 12:03:20 2025,3.253.168.43,503
Fri Oct 31 12:03:23 2025,3.253.170.100,200
Fri Oct 31 12:03:27 2025,3.253.170.100,200
Fri Oct 31 12:03:31 2025,3.253.176.101,503
Fri Oct 31 12:03:34 2025,3.253.170.100,200
Fri Oct 31 12:03:38 2025,3.253.176.101,503
Fri Oct 31 12:03:41 2025,3.253.176.101,503
Fri Oct 31 12:03:45 2025,3.253.176.101,200
Fri Oct 31 12:03:49 2025,3.253.170.100,200
Fri Oct 31 12:03:53 2025,3.253.168.43,200
Fri Oct 31 12:03:56 2025,3.253.170.100,503
Fri Oct 31 12:03:59 2025,3.253.176.101,503
Fri Oct 31 12:04:03 2025,3.253.170.100,200
Fri Oct 31 12:04:07 2025,3.253.168.43,200
Fri Oct 31 12:04:11 2025,3.253.176.101,503
Fri Oct 31 12:04:14 2025,3.253.168.43,503
Fri Oct 31 12:04:18 2025,3.253.168.43,200
Fri Oct 31 12:04:21 2025,3.253.176.101,200
